{
  "ber": {
    "snr_db": [
      1.0,
      2.0,
      3.0,
      4.0,
      5.0
    ],
    "polar": {
      "self": {
        "ber": [
          0.0,
          0.0,
          0.0,
          0.0,
          0.0
        ],
        "fer": [
          0.0,
          0.0,
          0.0,
          0.0,
          0.0
        ]
      },
      "library": {
        "ber": [
          0.0,
          0.0,
          0.0,
          0.0,
          0.0
        ],
        "fer": [
          0.0,
          0.0,
          0.0,
          0.0,
          0.0
        ]
      }
    },
    "ldpc": {
      "self": {
        "ber": [
          0.0,
          0.0,
          0.0,
          0.0,
          0.0
        ],
        "fer": [
          0.0,
          0.0,
          0.0,
          0.0,
          0.0
        ]
      },
      "library": {
        "ber": [
          0.0,
          0.0,
          0.0,
          0.0,
          0.0
        ],
        "fer": [
          0.0,
          0.0,
          0.0,
          0.0,
          0.0
        ]
      }
    }
  },
  "throughput": {
    "num_iterations": 50,
    "snr_db": 3.0,
    "polar": {
      "N": 1024,
      "K": 512,
      "rate": 0.5,
      "num_iterations": 50,
      "encoding_time": 0.16730833053588867,
      "decoding_time": 0.9381866455078125,
      "end_to_end_time": 1.100489854812622,
      "encoding_throughput": 0.15301091056257143,
      "decoding_throughput": 0.027286681304383182,
      "end_to_end_throughput": 0.023262368015522374
    },
    "ldpc": {
      "n": 504,
      "k": 252,
      "rate": 0.5,
      "num_iterations": 50,
      "encoding_time": 0.7661380767822266,
      "decoding_time": 16.40505623817444,
      "end_to_end_time": 17.340582132339478,
      "encoding_throughput": 0.016446121635045073,
      "decoding_throughput": 0.0007680558857628235,
      "end_to_end_throughput": 0.0007266192048132867
    }
  },
  "complexity": {
    "polar": {
      "N": 1024,
      "K": 512,
      "n": 10,
      "rate": 0.5,
      "encoding_ops": 10240,
      "encoding_memory": 2048,
      "encoding_complexity": "O(N log N) = O(1024 \u00d7 10)",
      "decoding_ops": 11264,
      "decoding_memory": 2048,
      "decoding_complexity": "O(N log N) = O(1024 \u00d7 10)",
      "scl_ops": 81920,
      "scl_memory": 16384
    },
    "ldpc": {
      "n": 504,
      "k": 252,
      "m": 252,
      "dv": 3,
      "dc": 6,
      "max_iter": 20,
      "rate": 0.5,
      "encoding_ops": 63504,
      "encoding_memory": 127764,
      "encoding_complexity": "O(m \u00d7 k) = O(252 \u00d7 252)",
      "decoding_ops": 151200,
      "decoding_memory": 3528,
      "decoding_complexity": "O(I \u00d7 (n\u00d7dv + m\u00d7dc)) = O(20 \u00d7 7560)"
    }
  }
}