{
  "num_iterations": 200,
  "snr_db": 3.0,
  "polar": {
    "N": 128,
    "K": 64,
    "rate": 0.5,
    "num_iterations": 200,
    "encoding_time": 0.0580296516418457,
    "decoding_time": 0.34041428565979004,
    "end_to_end_time": 0.40930819511413574,
    "encoding_throughput": 0.2205768885017708,
    "decoding_throughput": 0.03760124218991302,
    "end_to_end_throughput": 0.03127227881775178
  },
  "ldpc": {
    "n": 120,
    "k": 60,
    "rate": 0.5,
    "num_iterations": 200,
    "encoding_time": 0.3375372886657715,
    "decoding_time": 33.545961141586304,
    "end_to_end_time": 35.404940128326416,
    "encoding_throughput": 0.035551627636265,
    "decoding_throughput": 0.00035771817505398057,
    "end_to_end_throughput": 0.00033893575180484956
  }
}