{
  "num_iterations": 50,
  "snr_db": 3.0,
  "polar": {
    "N": 1024,
    "K": 512,
    "rate": 0.5,
    "num_iterations": 50,
    "encoding_time": 0.16730833053588867,
    "decoding_time": 0.9381866455078125,
    "end_to_end_time": 1.100489854812622,
    "encoding_throughput": 0.15301091056257143,
    "decoding_throughput": 0.027286681304383182,
    "end_to_end_throughput": 0.023262368015522374
  },
  "ldpc": {
    "n": 504,
    "k": 252,
    "rate": 0.5,
    "num_iterations": 50,
    "encoding_time": 0.7661380767822266,
    "decoding_time": 16.40505623817444,
    "end_to_end_time": 17.340582132339478,
    "encoding_throughput": 0.016446121635045073,
    "decoding_throughput": 0.0007680558857628235,
    "end_to_end_throughput": 0.0007266192048132867
  }
}