{
  "ber": {
    "snr_db": [
      -2.0,
      -1.5,
      -1.0,
      -0.5,
      0.0,
      0.5,
      1.0,
      1.5,
      2.0,
      2.5,
      3.0,
      3.5,
      4.0,
      4.5,
      5.0,
      5.5,
      6.0
    ],
    "polar": {
      "self": {
        "ber": [
          0.18593199823943662,
          0.05860005040322581,
          0.01589549822791712,
          0.00289453125,
          0.000201171875,
          0.0,
          0.0,
          0.0,
          0.0,
          0.0,
          0.0,
          0.0,
          0.0,
          0.0,
          0.0,
          0.0,
          0.0
        ],
        "fer": [
          0.704225352112676,
          0.3225806451612903,
          0.10905125408942203,
          0.026,
          0.003,
          0.0,
          0.0,
          0.0,
          0.0,
          0.0,
          0.0,
          0.0,
          0.0,
          0.0,
          0.0,
          0.0,
          0.0
        ]
      },
      "library": {
        "ber": [
          0.17659076891447367,
          0.05854042235494881,
          0.013025390625,
          0.003111328125,
          0.000125,
          0.0,
          0.0,
          0.0,
          0.0,
          0.0,
          0.0,
          0.0,
          0.0,
          0.0,
          0.0,
          0.0,
          0.0
        ],
        "fer": [
          0.6578947368421053,
          0.3412969283276451,
          0.098,
          0.023,
          0.003,
          0.0,
          0.0,
          0.0,
          0.0,
          0.0,
          0.0,
          0.0,
          0.0,
          0.0,
          0.0,
          0.0,
          0.0
        ]
      }
    },
    "ldpc": {
      "self": {
        "ber": [
          0.06287191200336599,
          0.02779814466511524,
          0.005909781884639692,
          0.0007165354330708662,
          0.00017716535433070867,
          0.0,
          0.0,
          0.0,
          0.0,
          0.0,
          0.0,
          0.0,
          0.0,
          0.0,
          0.0,
          0.0,
          0.0
        ],
        "fer": [
          0.7633587786259542,
          0.4048582995951417,
          0.10845986984815618,
          0.022,
          0.004,
          0.0,
          0.0,
          0.0,
          0.0,
          0.0,
          0.0,
          0.0,
          0.0,
          0.0,
          0.0,
          0.0,
          0.0
        ]
      },
      "library": {
        "ber": [
          0.061051347454807586,
          0.023997000374953132,
          0.004759842519685039,
          0.0008818897637795275,
          0.0003464566929133858,
          0.0,
          0.0,
          0.0,
          0.0,
          0.0,
          0.0,
          0.0,
          0.0,
          0.0,
          0.0,
          0.0,
          0.0
        ],
        "fer": [
          0.704225352112676,
          0.31746031746031744,
          0.067,
          0.014,
          0.003,
          0.0,
          0.0,
          0.0,
          0.0,
          0.0,
          0.0,
          0.0,
          0.0,
          0.0,
          0.0,
          0.0,
          0.0
        ]
      }
    }
  },
  "throughput": {
    "num_iterations": 100,
    "snr_db": 3.0,
    "polar": {
      "N": 1024,
      "K": 512,
      "rate": 0.5,
      "num_iterations": 100,
      "encoding_time": 1.666186809539795,
      "decoding_time": 12.855351448059082,
      "end_to_end_time": 14.487267971038818,
      "encoding_throughput": 0.030728847273818936,
      "decoding_throughput": 0.003982777149801707,
      "end_to_end_throughput": 0.0035341377064573394
    },
    "ldpc": {
      "n": 504,
      "k": 252,
      "rate": 0.5,
      "num_iterations": 100,
      "encoding_time": 12.768189191818237,
      "decoding_time": 316.90729451179504,
      "end_to_end_time": 311.9947793483734,
      "encoding_throughput": 0.001973654965588071,
      "decoding_throughput": 7.951852303943126e-05,
      "end_to_end_throughput": 8.077058229189687e-05
    }
  },
  "complexity": {
    "polar": {
      "N": 1024,
      "K": 512,
      "n": 10,
      "rate": 0.5,
      "encoding_ops": 10240,
      "encoding_memory": 2048,
      "encoding_complexity": "O(N log N) = O(1024 \u00d7 10)",
      "decoding_ops": 11264,
      "decoding_memory": 2048,
      "decoding_complexity": "O(N log N) = O(1024 \u00d7 10)",
      "scl_ops": 81920,
      "scl_memory": 16384
    },
    "ldpc": {
      "n": 504,
      "k": 252,
      "m": 252,
      "dv": 3,
      "dc": 6,
      "max_iter": 20,
      "rate": 0.5,
      "encoding_ops": 63504,
      "encoding_memory": 127764,
      "encoding_complexity": "O(m \u00d7 k) = O(252 \u00d7 252)",
      "decoding_ops": 151200,
      "decoding_memory": 3528,
      "decoding_complexity": "O(I \u00d7 (n\u00d7dv + m\u00d7dc)) = O(20 \u00d7 7560)"
    }
  }
}