{
  "snr_db": [
    -2.0,
    -1.5,
    -1.0,
    -0.5,
    0.0,
    0.5,
    1.0,
    1.5,
    2.0,
    2.5,
    3.0,
    3.5,
    4.0,
    4.5,
    5.0,
    5.5,
    6.0
  ],
  "polar": {
    "self": {
      "ber": [
        0.18593199823943662,
        0.05860005040322581,
        0.01589549822791712,
        0.00289453125,
        0.000201171875,
        0.0,
        0.0,
        0.0,
        0.0,
        0.0,
        0.0,
        0.0,
        0.0,
        0.0,
        0.0,
        0.0,
        0.0
      ],
      "fer": [
        0.704225352112676,
        0.3225806451612903,
        0.10905125408942203,
        0.026,
        0.003,
        0.0,
        0.0,
        0.0,
        0.0,
        0.0,
        0.0,
        0.0,
        0.0,
        0.0,
        0.0,
        0.0,
        0.0
      ]
    },
    "library": {
      "ber": [
        0.17659076891447367,
        0.05854042235494881,
        0.013025390625,
        0.003111328125,
        0.000125,
        0.0,
        0.0,
        0.0,
        0.0,
        0.0,
        0.0,
        0.0,
        0.0,
        0.0,
        0.0,
        0.0,
        0.0
      ],
      "fer": [
        0.6578947368421053,
        0.3412969283276451,
        0.098,
        0.023,
        0.003,
        0.0,
        0.0,
        0.0,
        0.0,
        0.0,
        0.0,
        0.0,
        0.0,
        0.0,
        0.0,
        0.0,
        0.0
      ]
    }
  },
  "ldpc": {
    "self": {
      "ber": [
        0.06287191200336599,
        0.02779814466511524,
        0.005909781884639692,
        0.0007165354330708662,
        0.00017716535433070867,
        0.0,
        0.0,
        0.0,
        0.0,
        0.0,
        0.0,
        0.0,
        0.0,
        0.0,
        0.0,
        0.0,
        0.0
      ],
      "fer": [
        0.7633587786259542,
        0.4048582995951417,
        0.10845986984815618,
        0.022,
        0.004,
        0.0,
        0.0,
        0.0,
        0.0,
        0.0,
        0.0,
        0.0,
        0.0,
        0.0,
        0.0,
        0.0,
        0.0
      ]
    },
    "library": {
      "ber": [
        0.061051347454807586,
        0.023997000374953132,
        0.004759842519685039,
        0.0008818897637795275,
        0.0003464566929133858,
        0.0,
        0.0,
        0.0,
        0.0,
        0.0,
        0.0,
        0.0,
        0.0,
        0.0,
        0.0,
        0.0,
        0.0
      ],
      "fer": [
        0.704225352112676,
        0.31746031746031744,
        0.067,
        0.014,
        0.003,
        0.0,
        0.0,
        0.0,
        0.0,
        0.0,
        0.0,
        0.0,
        0.0,
        0.0,
        0.0,
        0.0,
        0.0
      ]
    }
  }
}