{
  "N": 128,
  "K": 64,
  "rate": 0.5,
  "snr_db": [
    -1.0,
    -0.5,
    0.0,
    0.5,
    1.0,
    1.5,
    2.0,
    2.5,
    3.0,
    3.5,
    4.0
  ],
  "sc": {
    "ber": [
      0.04328125,
      0.013984375,
      0.005625,
      0.000625,
      0.0003125,
      0.0,
      0.0,
      0.0,
      0.0,
      0.0,
      0.0
    ],
    "fer": [
      0.175,
      0.075,
      0.03,
      0.005,
      0.005,
      0.0,
      0.0,
      0.0,
      0.0,
      0.0,
      0.0
    ],
    "time": [
      1.7187023162841797,
      1.7386341094970703,
      1.6379594802856445,
      1.7557597160339355,
      1.7889416217803955,
      1.701880693435669,
      1.7427611351013184,
      1.7176973819732666,
      1.718977689743042,
      1.7775976657867432,
      1.7125451564788818
    ]
  },
  "scl": {
    "1": {
      "ber": [
        0.04328125,
        0.013984375,
        0.005625,
        0.000625,
        0.0003125,
        0.0,
        0.0,
        0.0,
        0.0,
        0.0,
        0.0
      ],
      "fer": [
        0.175,
        0.075,
        0.03,
        0.005,
        0.005,
        0.0,
        0.0,
        0.0,
        0.0,
        0.0,
        0.0
      ],
      "time": [
        2.6462888717651367,
        2.6047611236572266,
        2.61138916015625,
        2.56827712059021,
        2.5572574138641357,
        2.5886785984039307,
        2.555638551712036,
        2.5419116020202637,
        2.6045584678649902,
        2.571929693222046,
        2.526857852935791
      ]
    },
    "2": {
      "ber": [
        0.030390625,
        0.008828125,
        0.0059375,
        0.000625,
        0.0003125,
        0.0,
        0.0,
        0.0,
        0.0,
        0.0,
        0.0
      ],
      "fer": [
        0.145,
        0.055,
        0.03,
        0.005,
        0.005,
        0.0,
        0.0,
        0.0,
        0.0,
        0.0,
        0.0
      ],
      "time": [
        4.4003283977508545,
        4.302915334701538,
        4.204504489898682,
        4.246476888656616,
        4.271361827850342,
        4.233523607254028,
        4.307464361190796,
        4.306086301803589,
        4.291490316390991,
        4.319180250167847,
        4.263442754745483
      ]
    },
    "4": {
      "ber": [
        0.025234375,
        0.008828125,
        0.003125,
        0.000625,
        0.0003125,
        0.0,
        0.0,
        0.0,
        0.0,
        0.0,
        0.0
      ],
      "fer": [
        0.14,
        0.055,
        0.025,
        0.005,
        0.005,
        0.0,
        0.0,
        0.0,
        0.0,
        0.0,
        0.0
      ],
      "time": [
        7.320506572723389,
        7.206361293792725,
        7.159926891326904,
        7.139569520950317,
        7.191050052642822,
        7.180823087692261,
        7.22119927406311,
        7.1763014793396,
        7.2266316413879395,
        7.188773155212402,
        7.122820615768433
      ]
    },
    "8": {
      "ber": [
        0.025234375,
        0.008828125,
        0.00546875,
        0.000625,
        0.0003125,
        0.0,
        0.0,
        0.0,
        0.0,
        0.0,
        0.0
      ],
      "fer": [
        0.14,
        0.055,
        0.03,
        0.005,
        0.005,
        0.0,
        0.0,
        0.0,
        0.0,
        0.0,
        0.0
      ],
      "time": [
        13.150300979614258,
        12.8412926197052,
        12.780535221099854,
        12.874579429626465,
        12.883697748184204,
        12.877522706985474,
        12.97283411026001,
        12.9021155834198,
        12.93999195098877,
        12.94278621673584,
        12.864603996276855
      ]
    },
    "16": {
      "ber": [
        0.026953125,
        0.008828125,
        0.00546875,
        0.000625,
        0.0003125,
        0.0,
        0.0,
        0.0,
        0.0,
        0.0,
        0.0
      ],
      "fer": [
        0.14,
        0.055,
        0.03,
        0.005,
        0.005,
        0.0,
        0.0,
        0.0,
        0.0,
        0.0,
        0.0
      ],
      "time": [
        25.064252614974976,
        24.509451389312744,
        24.15848970413208,
        24.343334436416626,
        24.419004917144775,
        24.38042402267456,
        24.547343254089355,
        24.386922121047974,
        24.50356960296631,
        24.50498342514038,
        24.252952337265015
      ]
    }
  }
}